Indent Title,Title_Class
Branch Manager,BM
BRANCH MANAGER,BM
Branch Manager - Comercial Baking,BM
Branch Manager - Deputy Branch Manager,DBM
BRANCH MANAGER - WEALTH BRANCH,BM
Branch Manager / Branch Operations Manager,BM
Branch Manager _ RIB,BM
Branch Manager testing,BM
Branch Manager/ Deputy Branch Manager,BM
Branch Manager/Testing,BM
BRANCH MANAGER-COMMERCIAL,BM
Cluster Branch Manager,CBM
CLUSTER BRANCH MANAGER,CBM
CN_BRanch Manager_AMII-MI_Gujarat_West,BM
CN_Branch Manager_East,BM
Deputy Branch Manager,DBM
DEPUTY BRANCH MANAGER,DBM
EGES - Branch Manager & Branch Operational Manager - North Zone,BM
SENIOR BRANCH MANAGER,BM
