PGIns2 / PGUni2,PGIns_Class
 Select ,UNKNOWN
? LOYOLA HIGH SCHOOL,TIER_2
A P S UNIVERSITY,UNKNOWN
"ABUL KALAM AZAD UNI OF TEC, WB",UNKNOWN
AC Anna Univ - Chennai,TIER_3
ACADEMIC CREDENTIALS,UNKNOWN
ACADEMIC PROFILE,UNKNOWN
ACADEMIC QUALIFICATION,UNKNOWN
"ACADEMY  OF MGT STUDIES, MUM",UNKNOWN
ACAMS,UNKNOWN
ACCURATE INST OF MGT AND TECH,UNKNOWN
ACHARYA N G RANGA AGRI UNI,UNKNOWN
"ACHARYA NAGARJUNA UNI, GUNTUR",UNKNOWN
ACHARYA NAGARJUNA UNIVERSITY,UNKNOWN
ACTIVE MEMBER OF THE SCHOOL,UNKNOWN
ADARSH BAL MANDIR SENIOR SECONDARY SCHOOL,UNKNOWN
ADARSH HIGHSCHOOL,UNKNOWN
adsf,UNKNOWN
ADVANCED  INST OF ENGIN & MGT,UNKNOWN
AGRA UNIVERSITY,UNKNOWN
AICTE,UNKNOWN
aicte itm busess school,TIER_3
AIMA CENTRE FOR MGT EDUCATION,UNKNOWN
AJMER UNIVERSITY,UNKNOWN
ALAGAPPA COLLEGE OF TECHNOLOGY,UNKNOWN
ALAGAPPA UNIVERSITY,UNKNOWN
ALBERT LYUDVIGS UNIVERSITY,UNKNOWN
ALIGARH MUSLIM UNIVERSITY,TIER_3
ALL INDIA INST OF BUS MGMT,UNKNOWN
ALL INDIA INST OF MGMT STUD,UNKNOWN
ALL INDIA INSTITUTE OF TECHNOL,UNKNOWN
ALLAHABAD AGRI INST-DEEMED UNI,UNKNOWN
ALLAHABAD UNIVERSITY,UNKNOWN
AMARDEEP HIGH SCHOOL,UNKNOWN
AMITY BUSINESS SCHOOL,UNKNOWN
Amity University,UNKNOWN
AMRAVATI UNIVERSITY,UNKNOWN
AMRITA UNIVERSITY,TIER_3
ANAND AGRICULTURE UNIVERSITY,UNKNOWN
ANDHRA UNIVERSITY,UNKNOWN
ANNA UNIVERSITY,TIER_3
ANNAMALAI UNIVERSITY,UNKNOWN
ANNIE BESANT COLLEGE,UNKNOWN
"APEEJAY INST MGMT & IT, DELHI",TIER_3
"Apeejay Int of Mgmt,Jallandhar",TIER_3
APEEJAY SCHOOL,TIER_3
APEEJAY SCHOOL OF MGT,TIER_3
"ASIA PAC INST OF MGMT, DELHI",TIER_3
"ASIAN SCH OF BUSI MGT, ODISHA",UNKNOWN
ASIAN SCHOOL OF BUSINESS MGT,UNKNOWN
ASSAM DON BOSCO UNIVERSITY,UNKNOWN
ASSAM DOWN TOWN UNIVERSITY,UNKNOWN
"ASSAM INST OF MGMT, GUWAHATI",TIER_3
"ASSAM UNIV, SILCHAR",TIER_3
ASU,TIER_3
ATHARVA SCHOOL OF BUSS,TIER_3
AWADESH PRATAP SINGH UNI,UNKNOWN
AWADHESH PRATAP SINGH UNIVERSI,UNKNOWN
B COM,UNKNOWN
B COMMARTHOMA COLLEGE,UNKNOWN
B R AMBEDKAR BIHAR UNIVERSITY,UNKNOWN
BA,UNKNOWN
BA MBA OTHER CAMPUS,UNKNOWN
BABASAHEB BHIMRAO AMBEDKAR UNI,UNKNOWN
BALAJI INS OF TELE & MNGT-PUNE,TIER_2
BALAJI INST OF MGT HR DEV,TIER_2
BANARAS HINDU UNIV,TIER_3
BANASTHALI VIDYAPEETH,TIER_3
BANGALORE UNIVERSITY,TIER_3
BANKING COLLEGE,UNKNOWN
bareilly college,UNKNOWN
BCOM,UNKNOWN
BCOM –,UNKNOWN
"BENGAL ENGG COLL, HOWRAH",TIER_3
BERHAMPUR UNIVERSITY,UNKNOWN
BHARATH UNIVERSITY,UNKNOWN
BHARATHIAR UNIVERSITY,TIER_3
BHARATHIDASAN UNIVERSITY,TIER_2
BHARATI VIDYAPEETH BVIMSR,TIER_3
"BHARATI VIDYAPEETH INST,DELHI",TIER_3
"BHARATI VIDYAPEETH UNI, PUNE",TIER_3
BHARATI VIDYAPEETH UNIVERSITY,TIER_3
BHARATIYA VIDYA BHAVAN,UNKNOWN
"BHARATIYA VIDYA BHAVAN, MUMBAI",UNKNOWN
"Bharti Vidyapeeth Mgmt, Pune",TIER_3
"Bharti Vidyapeeth, Mumbai",TIER_3
BHAVNAGAR UNIVERSITY,UNKNOWN
BHOPAL UNIVERSITY,UNKNOWN
"BIFT, Hyderabad",UNKNOWN
BIHAR UNIVERSITY,UNKNOWN
BIJU PATNAIK UNI OF TECH,UNKNOWN
BIJU PATTNAIK UNI OF TECH,UNKNOWN
Biju Pattnaik University Of Technology,UNKNOWN
BIKANER UNIVERSTY,UNKNOWN
"BIMTECH, Noida",TIER_3
"BIRLA INS OF TECH(BIT), MESRA",UNKNOWN
BIT Mesra,UNKNOWN
BSCMBA,UNKNOWN
BUNDELKHAND UNIVERSITY,UNKNOWN
BURDWAN UNIVERSITY,UNKNOWN
C M J UNIVERSITY,UNKNOWN
C.M.J UNIVERSITY,UNKNOWN
CA Rank Holder,TIER_1
Calcutta  University,UNKNOWN
CALCUTTA UNIVERSITY,UNKNOWN
CAPTA OF SCHOOL,UNKNOWN
CCS UNIVERSITY - MEERUT,UNKNOWN
CENTRAL UNI OF JAMMU,TIER_3
CENTRE FOR DEVELOP OF ADV COMP,UNKNOWN
CENTURION UNIV OF TECH & MGMT,UNKNOWN
CH CHARAN SINGH UNIVERSITY,UNKNOWN
CH SHAHUJI MAHARAJ UNIVERSITY,UNKNOWN
CH SWAMI VIVEKANAND TECH UNIV,UNKNOWN
CHAUDHARY DEVI LAL UNIVERSITY,UNKNOWN
CHENNAI BUSINESS SCHOOL,UNKNOWN
CHENNAI UNIVERSITY,UNKNOWN
"Chetana Inst, Mumbai",TIER_2
CHHATTISGARH UNIVERSITY,UNKNOWN
CHITKARA UNIVERSITY,UNKNOWN
CHRIST UNIVERSITY,TIER_3
Cochin,UNKNOWN
COCHIN UNIV OF SCI & TECH,TIER_3
COMMERCE COLLEGE,UNKNOWN
COMPANY SECRETARY,TIER_3
CSJM UNIVERSITY  - KANPUR,UNKNOWN
D D U GORAKHPUR UNIV,UNKNOWN
D.D.U GORAKHPUR UNIV,UNKNOWN
"DAV, INDORE",TIER_3
DAVV institute,TIER_3
DAVV UNIVERSITY,TIER_3
DAYALBAGH EDU INST UNIVERSITY,UNKNOWN
DELHI INST OF MGT STUDIES,UNKNOWN
DELHI UNIVERSITY,UNKNOWN
DEOGIRI COLLEGE,UNKNOWN
DEVI AHILYA UNIVERSITY,TIER_3
Devi Ahilya Vishwavvidhya Indore,TIER_3
DHARMSINH DESAI UNIVERSITY,UNKNOWN
DIBRUGARH UNIVERSITY,TIER_3
DIT SCHOOL OF BUSINESS,UNKNOWN
DM CAMPUS,UNKNOWN
DR AMBEDKAR BUSINESS SCHOOL,UNKNOWN
DR B R AMBEDKAR OPEN UNI,UNKNOWN
DR BABASAHEB AMBEDKAR MARATHWA,UNKNOWN
DR BHIMRAO AMBEDKAR VISHVA,UNKNOWN
DR C.V RAMAN UNIVERSITY,UNKNOWN
DR D Y PATIL UNIVERSITY,UNKNOWN
DR HARISINGH GAUR UNIVERSITY,UNKNOWN
DR M G R EDU & RES INST UNI,UNKNOWN
DR PANJABARAO DESHMUKH KRISHI,UNKNOWN
DR RAM MANOHAR LOHIA AVADH UNI,TIER_1
DR. APJ ABDUL KALAM TECH UNIV,UNKNOWN
Dr. V. N. Bedekar Institute of Management Studies,UNKNOWN
edfghfgfd,UNKNOWN
"EIILM UNI, SIKKIM",UNKNOWN
"EIILM, KOLKATA",UNKNOWN
EKAMRA COLLEGE,UNKNOWN
ELECTED AS STUDENT COORDATOR OF SOFT SKILL DEVELOPMENT PROGRAMME FOR SSR COLLEGE,UNKNOWN
"EMPI BUSINEESS SCH, DELHI",TIER_3
ETG AND FANCE,UNKNOWN
–ETG AND FANCE,UNKNOWN
FAIRLEIGH DICKINSON UNIVERSITY,UNKNOWN
FAKIA MOHAN UNIVERSITY,UNKNOWN
GANDHI INSTITUTE OF TECH MGT,UNKNOWN
"GANPAT UNIVERSITY, GUJARAT",UNKNOWN
GARDEN CITY COLLEGE,UNKNOWN
"GAUHATI UNIVERSITY, ASSAM",UNKNOWN
"GAUTAM BUDDHA UNIVERSITY, UP",UNKNOWN
GGSIP UNIVERSITY,UNKNOWN
GH PATEL POST GRADUATE INSTITUTE OF BUSINESS MANAGEMENT,UNKNOWN
GITAM UNIVERSITY,TIER_3
GLA INST OF TECH  MGT,UNKNOWN
GLA INST OF TECH & MGT,UNKNOWN
Global Institute of management,UNKNOWN
GLOBSYN BUSS SCHOOL,UNKNOWN
"Goa Inst of Mgmt (GIM), Goa",TIER_2
"GOA, UNIVERSITY",UNKNOWN
GOKHALE COLLEGE,TIER_3
GOVT  COLLEGE,UNKNOWN
GRAPHIC ERA UNIVERSITY,UNKNOWN
"GSBA, Noida",UNKNOWN
GUJARAT,UNKNOWN
GUJARAT TECH UNIVERSITY,UNKNOWN
GUJARAT UNIVERSITY,UNKNOWN
GUJRAT TCHNOLOGICAL UNIVERSITY,UNKNOWN
GULBARGA UNIVERSITY,UNKNOWN
GURU GHASIADAS UNIVERSITY,UNKNOWN
GURU JHAMB UNIV OF SCI & TECH,UNKNOWN
GURU JHAMBHESHWAR UNIVERSITY,UNKNOWN
GURU NANAK DEV UNIVERSITY,UNKNOWN
GURU NANAK INST OF MGT,UNKNOWN
GURU NANAK INST OF MGT STUDIES,UNKNOWN
GYAN VIHAR UNIVERSITY,UNKNOWN
"Haryana  Business School,GJU s & T,Hissar",UNKNOWN
Haryana School of Business Guru Jambheshwar Univer,UNKNOWN
HEMCHANDRA NORTH GUJARAT UNI,UNKNOWN
"HEMWATI NANDAN UNIV, SRINAGAR",UNKNOWN
HIGH SCHOOL,UNKNOWN
HIGHER SECONDARY SCHOOL,UNKNOWN
HIMACHAL PRADESH UNIVERSITY,UNKNOWN
"HIMALAYAN UNIVERSITY, AP",UNKNOWN
HITECH COLLEGE,UNKNOWN
HITKARNI HIGH SCHOOL,UNKNOWN
Holy Mary institute of science and technology,UNKNOWN
HYDERABAD UNIVERSITY,UNKNOWN
IASE UNIVERSITY,UNKNOWN
IBCS,UNKNOWN
"IBMR, Chinchwad",UNKNOWN
ICAI,UNKNOWN
ICCMRT,UNKNOWN
"ICFAI BUSINESS SCH, AHMEDABAD",TIER_2
"ICFAI BUSINESS SCH, BANGALORE",TIER_2
"ICFAI BUSINESS SCH, CHANDIGARH",TIER_3
"ICFAI BUSINESS SCH, DEHRADUN",TIER_3
"ICFAI Business Sch, Gurgaon",TIER_2
"ICFAI BUSINESS SCH, HYDERABAD",TIER_2
"ICFAI BUSINESS SCH, JAIPUR",TIER_3
"ICFAI Business Sch, Kochi",TIER_3
"ICFAI BUSINESS SCH, KOLKATA",TIER_2
"ICFAI BUSINESS SCH, MUMBAI",TIER_2
ICFAI National Coll,UNKNOWN
ICFAI NATIONAL COLLEGE,UNKNOWN
ICFAI UNIVERSITY,UNKNOWN
"ICFAI UNIVERSITY, HYDERABAD",TIER_2
IFBI,UNKNOWN
"IFBI, AHMEDABAD",UNKNOWN
"IFBI, CHENNAI",UNKNOWN
"IFBI, LUCKNOW",UNKNOWN
"IFBI,BHUBANESHWAR",UNKNOWN
"IFBI,Delhi",UNKNOWN
"IFBI,Pune",UNKNOWN
IIEBM - PUNE,UNKNOWN
IIIT ALLAHABAD UNIVERSITY,UNKNOWN
IILM,TIER_3
IILM ACADEMY OF HIGHER LEARN,TIER_3
IILM INSTITUTE FOR HIGHER EDUC,TIER_3
"IILM, NEW DELHI",TIER_3
IIM Calcutta,TIER_1
IIM Indore,TIER_1
"IIM, AHMEDABAD",TIER_1
"IIM, CALCUTTA",TIER_1
"IIM, INDORE",TIER_1
IIMT,TIER_1
IIMT Greater Noida,UNKNOWN
IIPM - BANGALORE,UNKNOWN
IIPM - NEW DELHI,UNKNOWN
IIPM - Pune,UNKNOWN
"IIRM CAMPUS,JAIPUR",UNKNOWN
"IISWBM, KOLKATA",TIER_2
"IMDR, Pune",TIER_2
IMI BHUBANESWAR,TIER_2
"IMI, DELHI",TIER_2
"IMS DAV, Indore",TIER_3
"IMS, GHAZIABAD",TIER_3
"IMT, GHAZIABAD",TIER_2
Independent University,UNKNOWN
INDIAN MARITIME UNIVERSITY,UNKNOWN
INDIAN SCHOOL OF BUS MGT & ADM,TIER_3
INDIRA GANDHI NATIONAL OPEN UN,UNKNOWN
INDIRA SCHOOL OF BUSS  STUDIES,TIER_3
INDIRA SCHOOL OF CAREER STUDIE,TIER_3
INDRAPRASTH INST OF MGT-GURGAO,UNKNOWN
INDRAPRASTHA TECH UNIVERSITY,UNKNOWN
INDUS INTERNATIONAL UNIVERSITY,TIER_3
"INFINITY BUSINESS SCH, DELHI",TIER_3
INST OF CHART ACNTS (ICAI),UNKNOWN
INST OF MGT  INFORMATION SCI,UNKNOWN
INST OF MGT STUDIES ( IMS ),TIER_3
INST OF MKTG & MGMT ( IMM ),UNKNOWN
INST OF PRODUCTIVITY & MGT,UNKNOWN
INST OF PUBLIC ENTERPRISE,TIER_3
Inst of Technical Education,UNKNOWN
INSTITUTE OF MANAGEMENT SCI,TIER_3
INSTITUTE OF MGT BHUBANESHWAR,UNKNOWN
"INT SCH OF BUS & MEDIA, PUNE",TIER_3
INTEGRAL UNIVERSITY,UNKNOWN
INTER COLL OF FIN PLAN,UNKNOWN
INTER INST OF BUSINESS STUDIES,TIER_3
INTER SCH OF BUS & MEDIA,TIER_3
"INTER SCH OF BUS & MEDIA, BANG",TIER_3
"INTER SCH OF BUS & MEDIA, KOL",TIER_3
INTERNATIONAL INST OF MGT STUD,TIER_3
INTERNATIONAL SCHOOL OF BUS,TIER_3
ISBM PUNE,UNKNOWN
"ISBM, KOLKATA",UNKNOWN
"ISBM, PUNE",UNKNOWN
ISHAN INST OF MGT & TECH,UNKNOWN
ITM University,TIER_3
"ITM, CHENNAI",TIER_3
"ITM, MUMBAI",TIER_3
"ITM, Warrangal",TIER_3
J R N RAJASTHAN VIDYAPEETH UNI,UNKNOWN
JABALPUR UNIVERSITY,UNKNOWN
"JADHAVPUR UNIV, KOLKATA",UNKNOWN
JAI NARAIN VYAS UNIVERSITY,UNKNOWN
JAI PRAKASH UNIVERSITY,UNKNOWN
JAIN UNIVERSITY,UNKNOWN
JAIPUR NATIONAL UNIVERSITY,UNKNOWN
JAIPUR UNIVERSITY,UNKNOWN
JAIPURIA INS OF MGT STUDIES,TIER_3
"JAIPURIA INST OF MGMT, LUCKNOW",TIER_3
JAMIA HAMDARD UNIVERSITY,UNKNOWN
JAMMU UNIVERSITY,TIER_3
JANKI DEVI MEMORIAL COLLEGE,TIER_3
JAWA NEH ARCH & FINE ARTS UNIV,UNKNOWN
JAWAHARLAL NEHRU AGRI UNI,UNKNOWN
JAWAHARLAL NEHRU ENG CLG,UNKNOWN
JAWAHARLAL NEHRU UNIVERSITY,TIER_1
JAYPEE INST OF INFO TECH UNI,UNKNOWN
JBIMS Mumbai,TIER_1
"JIMS, Rohini, Delhi",TIER_3
JIWAJI UNIVERSITY,UNKNOWN
"JNTU, ANANTAPUR",UNKNOWN
"JNTU, HYDERABAD",UNKNOWN
"JNTU, KAKINADA",UNKNOWN
JODHPUR NATIONAL UNIVERSITY,UNKNOWN
K C COLLEGE OF MGT STUDIES,UNKNOWN
"K.J SOMAIYA SIMSR, MUMBAI",TIER_2
KACHCHH UNIVERSITY,UNKNOWN
KAKATIYA UNIVERSITY,UNKNOWN
KALYANI UNIVERSITY,UNKNOWN
KANNADA UNIVERSITY,UNKNOWN
KANNUR UNIVERSITY,UNKNOWN
Kanpur University,UNKNOWN
KAR VETE ANIMAL & FISH SCI UNI,UNKNOWN
KARNATAKA STATE OPEN UNI,UNKNOWN
KARNATAKA STATE OPEN UNIVERSITY ,UNKNOWN
KARNATAKA UNIVERSITY,UNKNOWN
KARUNYA UNIVERSITY,UNKNOWN
KASHMIR UNIVERSITY,UNKNOWN
KERALA UNIVERSITY,UNKNOWN
KIIT Sch of Mgmt Bhubaneshwar,TIER_3
Kolhapur Institute of Technology,UNKNOWN
Kolkata University,UNKNOWN
KOTA UNIVERSITY,UNKNOWN
KRISHNA UNIVERSITY,UNKNOWN
KUMAUN UNIVERSITY,UNKNOWN
"KURUKSHETRA UNIV, HARYANA",TIER_3
KURUKSHETRA UNIVERSITY,TIER_3
KUVEMPU UNIVERSITY,UNKNOWN
L N MITHILA UNIVERSITY,UNKNOWN
LAL BAHADUR SHAST INST OF MGT,TIER_3
LALIT NARAYAN MITHILA UNIV,UNKNOWN
LALIT NARAYAN UNIVERSITY,UNKNOWN
LBS INST OF MGT & TECH BAREILY,UNKNOWN
"LIBA, Chennai",TIER_2
"LIBA,CHENNAI",TIER_2
LITTLE FLOWER ENGLISH MEDIUM HIGH SCHOOL,UNKNOWN
LOVELY PROFESSIONAL UNIVERSITY,UNKNOWN
LOYOLA INST OF BUS ADMN CHENAI,TIER_2
LRG NAIDU JR COLLEGE,UNKNOWN
Lucknow,UNKNOWN
LUCKNOW UNIVERSITY,UNKNOWN
"LUMBA, Lucknow",TIER_3
LYALLPUR KHALSA COLLEGE,UNKNOWN
M COM,UNKNOWN
M J P ROHILKAHND UNIVERSITY,UNKNOWN
M S UNIVERSITY,TIER_3
M.S.RAMAIAH INST OF MGMT,TIER_3
MADRAS UNIVERSITY,TIER_3
MADURAI KAMARAJ UNIVERSITY,TIER_3
MADURAI KAMARAJAR UNIVERSITY,TIER_3
MAGADH UNIVERSITY,UNKNOWN
MAH STATE BOARD SEC  HIGH SEC,UNKNOWN
MAHA PRATAP UNIV OF AGRI & TEC,UNKNOWN
MAHA SAYAJIRAO UNIV OF BARODA,TIER_3
MAHAMAYA TECH UNIVERSITY,UNKNOWN
MAHARAJA AGARSEN COLLEGE,UNKNOWN
MAHARAJA GANGA SINGH UNI,UNKNOWN
MAHARAJA SAYAJI UNIV OF BARODA,TIER_3
MAHARAJA’S COLLEGE,UNKNOWN
MAHARANI LAXMIBAI COLLEGE,UNKNOWN
MAHARASHTRA INSTITUTE OF TECH,UNKNOWN
MAHARISHI ARVND INST SCI MGMT,UNKNOWN
MAHARISHI DAYANAND UNIVERSITY,TIER_3
MAHARISHI INST OF MGT,TIER_3
MAHARISHI INSTITUTE OF MGT,TIER_3
MAHARISHI MARKANDESHWAR UNI,UNKNOWN
MAHARSHI DAYANAND SARAS UNIV,TIER_3
MAHARSHI DAYANAND UNI,TIER_3
MAHARSHI DAYANSARAS UNIV AJMER,TIER_3
MAHATMA GANDHI CHITRAKOOT GRAM,UNKNOWN
MAHATMA GANDHI KASHI VIDYAPITH,UNKNOWN
MAHATMA GANDHI UNIVERSITY,UNKNOWN
MAHATMA JYOTIBA PHULE ROH UNIV,UNKNOWN
MAHATMA JYOTIBA PHULE ROHIL UN,UNKNOWN
MAKHANLAL CHATURVEDI NATI UNI,UNKNOWN
MAKHANLAL CHATURVEDI NTL UNIV,UNKNOWN
MANAV BHARTI UNIVERSITY,UNKNOWN
MANGALAYATAN UNIVERSITY,UNKNOWN
MANGALMAY INST OF MGMT & TECH,UNKNOWN
MANGALORE UNIVERSITY,UNKNOWN
MANIPAL ACADEMY OF HIGHER EDU,TIER_3
MANIPAL UNIVERSITY,TIER_3
MANIPUR UNIVERSITY,TIER_3
MANONMANIAM SUNDARANAR UNIV,UNKNOWN
MATA RECORD OF ALL ACTIVITIES UNDERTAKEN  RESPECT OF THE BUSESS,UNKNOWN
MATRIX SCHOOL OF MGMT STUDIES,UNKNOWN
MBAOTHER CAMPUS,UNKNOWN
MDI Gurgaon,UNKNOWN
MET College,TIER_3
"Mgmt Studies-MNNIT, Allahabad",TIER_3
MGT EDUCATION & RESEARCH INST,TIER_2
MISS HILL SCHOOL,UNKNOWN
MIT SCHOOL OF BUSINESS,TIER_3
MIT SCHOOL OF BUSINESS PUNE,TIER_3
"MIT, Pune",TIER_3
"MITCON INST OF MGMT, PUNE",TIER_3
MODY INST OF INFO TECH SCI UNI,UNKNOWN
MOHAN LAL SUKHADIA UNIVERSITY,TIER_3
MSG COLLEGE,UNKNOWN
Mumbai,UNKNOWN
MUMBAI UNIVERSITY,UNKNOWN
MYSORE UNIVERSITY,TIER_3
N M S S V N COLLEGE,UNKNOWN
n s K colry RaFdhan uni€Eily,UNKNOWN
NAGALAND UNIVERSITY,UNKNOWN
NAGPUR UNIVERSITY,UNKNOWN
NALANDA OPEN UNIVERSITY,UNKNOWN
NATIONAL ENDUCATION MANAGEMENT,UNKNOWN
NATIONAL INS OF BUSI MGT CHENN,TIER_2
NATIONAL INST OF BUS MGMT,TIER_2
NATIONAL INST OF BUSINESS MGMT,TIER_2
NATIONAL INST OF BUSS MGT,TIER_2
NATIONAL INST OF IT,UNKNOWN
NATIONAL INST OF MGMT,UNKNOWN
"NATIONAL INST OF TECH,KURUKSHE",TIER_1
NATIONAL INST ON BANK MGT,TIER_2
NATIONAL INSTITUTE OF AGRI MKT,TIER_2
NAVSARI AGRICULTURAL UNI,UNKNOWN
NEW DELHI INST OF MANAGEMENT,UNKNOWN
NEW DELHI INST OF MGT,UNKNOWN
NEWPORT UNIVERSITY,UNKNOWN
NIILM SCHOOL,TIER_3
NIILM SCHOOL OF BUSINESS DELHI,TIER_3
"NIILM, Delhi",TIER_3
NIM,UNKNOWN
NIMS UNIVERSITY RAJASTHAN,UNKNOWN
NIRMA UNIVERSITY,TIER_2
"Nirma University Institute of Management (NIRMA), Ahmedabad",TIER_2
NIS ACADEMY,UNKNOWN
NISM,UNKNOWN
NIT-ALL OTH NOT LISTED ABOVE,UNKNOWN
"NLSIU, Bangalore",UNKNOWN
NMIMS MUK PATEL SCH TEC MGT EN,TIER_2
"NMIMS, MUMBAI",TIER_1
NMIMS-HYDERABAD,TIER_1
NORTH BENGAL UNIVERSITY,UNKNOWN
NORTH GUJARAT UNIVERSITY,UNKNOWN
NORTH MAHARASHTRA UNIVERSITY,UNKNOWN
NORTH ORISSA UNIVERSITY,UNKNOWN
"NSB SCHOOL OF BUSINESS, DELHI",UNKNOWN
NTU,UNKNOWN
O P JINDALGLOBAL UNIVERSITY,UNKNOWN
OSMANIA UNIVERSITY,TIER_3
Others,UNKNOWN
P G COLLEGE,UNKNOWN
PACIFIC INST OF MGT & TECHN,TIER_3
PACIFIC UNIVERSITY,TIER_3
PADMASHREE DR D Y PATIL UNIVER,UNKNOWN
PANBAZAR GIRLS HIGHER SECONDARY SCHOOL,UNKNOWN
parle tilak vidyalaya association’s stitute of management mumbai,UNKNOWN
PARUL INST OF MGMT & RESEARCH,UNKNOWN
Parul Institute of Mgmt,UNKNOWN
PATNA UNIVERSITY,UNKNOWN
"PCTE, Ludhiana",TIER_3
PERIYAR UNIVERSITY,UNKNOWN
PESIT,UNKNOWN
PILLAI INST OF MGT STU & RES,UNKNOWN
"PIMR, Indore",UNKNOWN
PONDICHERRY UNIVERSITY,TIER_3
"POORNIMA UNIVERSITY, JAIPUR",UNKNOWN
PRESENTLY WORKG AXIS BANK LTD SCE NOVEMBER  AS MANAGER,UNKNOWN
PRIST UNIVERSITY,UNKNOWN
"PRIST UNIVERSITY, THANJAVUR",UNKNOWN
PROFESSIONAL QUALIFICATION,UNKNOWN
PUNE INST OF BUSS MGMT(PIBM),UNKNOWN
PUNE UNIVERSITY,UNKNOWN
"PUNJAB AGRI UNI, LUDHUANA",UNKNOWN
PUNJAB CLG OF TEC EDU LUDHIANA,TIER_3
PUNJAB SCHOOL,UNKNOWN
"PUNJAB TECH UNI, JALANDHAR",TIER_3
PUNJAB TECHNICAL UNIVERSITY,TIER_3
"Punjab Technical University, Jalandhar",TIER_3
PUNJAB UNIVERSITY,TIER_3
"PUNJAB UNIVERSITY, CHANDIGARH",TIER_3
PUNJABI UNIV - MOHALI,TIER_3
PUNJABI UNIV - PATIALA,TIER_3
PURSUG  SCDL PUNE DISTANCE LEARNG PROGRAMME,UNKNOWN
R DURGVATI VIDYALAYA -JABALPUR,UNKNOWN
R.L.I.M.S,UNKNOWN
"RABINDRA BHARATI UNI, KOLKATA",UNKNOWN
RABINDRA BHARATI UNIVERSITY,UNKNOWN
RAI UNIVERSITY,UNKNOWN
RAJASTHAN AGRICULTURE UNI,UNKNOWN
RAJASTHAN TECHNICAL UNIVERSITY,TIER_3
RAJASTHAN UNIVERSITY,TIER_3
RAJIV GANDHI PRODYOGIKI VISH,UNKNOWN
RAKSHPAL BAHADUR MGT INST,UNKNOWN
RANCHI UNIVERSITY,UNKNOWN
RAVENSHAW UNIVERSITY,UNKNOWN
RAVI SHANKAR SHUKLA UNI RAIPUR,UNKNOWN
"REGIONAL CLG OF MGT, ODISHA",UNKNOWN
Rizvi Academy of Management,TIER_3
"ROHILKHAND UNIV, BAREILLY",UNKNOWN
ROURKELA INSTITUTE OF MANAGEMENT STUDIES,UNKNOWN
RUSSIAN STATE SOCIAL UNIVRSITY,UNKNOWN
S D  COLLEGE,UNKNOWN
S S  KALIBADI H S SCHOOL,UNKNOWN
S V P  HIGHSCHOOL,UNKNOWN
SACRED HEART TER COLLEGE,UNKNOWN
SAMBALPUR UNIVERSITY,UNKNOWN
SAMHIGG INST OF AGRI TECH SCI,UNKNOWN
SANT GADGEBABA AMRAVATI UNI,UNKNOWN
SARDAR PATEL UNIVERSITY,UNKNOWN
"SASTRA UNIVERSITY, THANJAVUR",UNKNOWN
SATAVAHANA UNIVERSITY,UNKNOWN
SATHYABAMA UNIVERSITY,UNKNOWN
"SATHYABAMA UNIVERSITY, CHENNAI",UNKNOWN
SAURASHTRA UNIVERSITY,UNKNOWN
"SAURASHTRA UNIVERSITY, GUJRAT",UNKNOWN
SCDL,UNKNOWN
SCH OF COMM & MGT STUD COCHIN,TIER_3
"School of Communication and Management Studies, Cochin",TIER_3
sdf,UNKNOWN
sdfdgghghgfd,UNKNOWN
Select,UNKNOWN
--Select--,UNKNOWN
Sharda University,UNKNOWN
shgad busess school,UNKNOWN
SHGAD COLLEGE,UNKNOWN
SHIVA INST OF MGT STUDIES,UNKNOWN
SHIVAJI UNIVERSITY KOLHAPUR,UNKNOWN
SHOBHIT UNIVERSITY,UNKNOWN
SHOOLINI UNIVERSITY,TIER_3
"SHRI MATAVAISHNODEVI UNI,J&K",UNKNOWN
Shri vaihnav institute of mgmt,UNKNOWN
SHRIDHAR UNIVERSITY,UNKNOWN
"SIBM, PUNE",TIER_1
"SIES, MUMBAI",TIER_3
Sikkim Manipal,TIER_3
SIKKIM MANIPAL INS OF TECH,TIER_3
SIKKIM MANIPAL UNIVERSITY,TIER_3
"SIMS, PUNE",TIER_2
"SINGHANIA UNIVERSITY, PACHERI",UNKNOWN
"SINHGAD BUSINESS SCHOOL , PUNE",TIER_3
SINHGAD INS OF BUS ADM PUNE,TIER_3
Sinhgad Institute of Mgt -pune,TIER_3
SLCs INSTITUTE OF ENNG AND TECHNOLOGY,UNKNOWN
SOLAPUR UNIVERSITY,UNKNOWN
Somlalit,UNKNOWN
SOUTH GUJARAT UNIVERSITY,UNKNOWN
"SP Jain Centre of Mgmt, Dubai",TIER_1
SRI DEVI  SUMAN UK VISHWAVI,UNKNOWN
SRI KRISHNADEVARAYA UNIVERSITY,UNKNOWN
SRI PADMAVATI MAHILA VISVAVI,UNKNOWN
SRI VENKATESHWARA UNIVERSITY,UNKNOWN
"SRM , Chennai",TIER_3
SRM UNIVERSITY,TIER_3
"SRM, CHENNAI",TIER_3
"SRM, UNIVERSITY",TIER_3
ST  JOSEPH’S BOYS HIGH SCHOOL,UNKNOWN
"SUNRISE UNIVERSITY, ALWAR",UNKNOWN
SURYA COLLEGE OF BUSINESS MGT,UNKNOWN
SURYADATTA GROUP OF INSTITUT,UNKNOWN
SWAMI R T MARATHWADA UNI,UNKNOWN
SWAMI VIVEKANAND SUBHARTI UNI,UNKNOWN
"SWAMI VIVEKANAND UNIV, MP",UNKNOWN
"Sydenham, Mumbai",TIER_2
SYMBIOSIS CENTRE FOR DIST LEAR,UNKNOWN
SYMBIOSIS INTERNATIONAL UNI,TIER_2
SYMBIOSIS SCHOOL OF BANK MGT,TIER_2
TAMILNADU AGRICULTURAL UNI,UNKNOWN
TAMILNADU OPEN UNIVERSITY,UNKNOWN
TECHNO GLOBAL UNIVERSITY,UNKNOWN
TENTATIVE GRADE,UNKNOWN
THAKUR INST OF MGT STUD & RES,UNKNOWN
THE IIS UNIVERSITY,UNKNOWN
THIRUVALLUVAR UNIVERSITY,UNKNOWN
TILAK MAHARASHTRA UNI,UNKNOWN
TILAK MAHARASHTRA VIDYAPEETH,UNKNOWN
TRIPURA UNIVERSITY,UNKNOWN
TRIVENI HIGH SCHOOL,UNKNOWN
unique institution of India,UNKNOWN
UNITEDWORLD SCHOOL OF BUSINESS,UNKNOWN
UNIV OF WALES INST CARDIFF,UNKNOWN
UNIVERSITY OF CALICUT,UNKNOWN
University of Kolkata,UNKNOWN
University of Osmania,TIER_3
UP RAJA TAN OPEN UNIV,UNKNOWN
UTKAL UNIVERSITY,TIER_3
"UTKAL UNIVERSITY, BHUBANESWAR",TIER_3
UTTARAKHAND TECHNICAL UNI,UNKNOWN
UTTARPRADESH TECHNICAL UNI,UNKNOWN
V B S PURVANCHAL UNIVERSITY,UNKNOWN
"VAMNICOM, Pune",TIER_3
VEER KUNWAR SINGH UNIVERSITY,UNKNOWN
VEER NARMAD SOUTH GUJARAT UNI,UNKNOWN
VELLORE INST OF TECHNOLOGY,UNKNOWN
VELTECH UNIVERSITY,UNKNOWN
VIDYASAGAR UNIVERSITY,UNKNOWN
VIKRAM UNIVERSITY,UNKNOWN
"VIKRAM UNIVERSITY, UJJAIN",UNKNOWN
"VINAYAKA MISSIONS UNI, SALEM",UNKNOWN
VINAYAKA MISSIONS UNIVERSITY,UNKNOWN
"VINOBA BHAVE UNI, HAZARIBAGH",UNKNOWN
Vishwa Vishwani Institute of Systems and Managemen,UNKNOWN
VISVA BHARTI UNIVERSITY,UNKNOWN
Visvesvaraya Technological University,UNKNOWN
VISVESWARAIAH TECH UNI,UNKNOWN
"VIT UNIVERSITY, VELLORE",UNKNOWN
"VIT, Mumbai",UNKNOWN
VTU,UNKNOWN
Welingkar Institute of Management Development and,TIER_2
"WELINGKAR, MUMBAI",TIER_2
WEST BENGAL STATE COUN OF TECH,UNKNOWN
WEST BENGAL STATE UNIVERSITY,UNKNOWN
WEST BENGAL UNIVERSITY OF TECH,UNKNOWN
WEST COAST INST OF MGMT & TECH,UNKNOWN
XAVIERS INTERNATIONAL UNI,UNKNOWN
"XIM, BHUBANESHWAR",TIER_1
"XISS, RANCHI",TIER_3
YASHWANTRAO CHAVAN MH OPEN UNI,UNKNOWN
YEARS OF WORKG EXPERIENCE,UNKNOWN
