Source TAG,Source Name
Careers,ICICI Careers
Web Posting,ICICI Careers
CST,ICICI Careers
Employee Referral,EGES
Naukri,Job Portal
OMCareers,Consultant
SO Portal,Industry Academia
BlackBag HR Services Pvt Ltd,Consultant
LinkedIn,Job Portal
Jetserve Enterprises,Consultant
Bharti Associates,Consultant
Direct,ICICI Careers
Career Builder,Consultant
ITM University,Industry Academia
Lordisystems,Consultant
OM Careers,Consultant
Mavenworkforce,Consultant
IIM Jobs,Job Portal
Rize @ People Konnect Pvt. Ltd.,Consultant
Mount Talent Consulting Pvt Ltd,Consultant
Virgo Ventures,Consultant
HEAD HUNTERS,Consultant
TVS Training & Services,Industry Academia
Way-up Placements & Consultants,Consultant
Kairos Consulting,Consultant
CORPORATE INSIGHT,Consultant
Senior Management Referral,EGES
Vibgyor Consultant,Consultant
Dhruv Consultants,Consultant
df,Consultant
Business Fundamental,Consultant
Profuse HR Consultancy,Consultant
INSPIRATION,Consultant
Talent Labs,Consultant
IFBI,Industry Academia
Campus,Campus
Referal,EGES
Connexions India,Consultant
FAST CAREER CONSULTANTS P. LTD.,Consultant
RedoHiring Consultancy Services,Consultant
Steps India,Consultant
Times Job,Job Portal
Prowiz Consulting,Consultant
Conviction,Consultant
SourceMantra HR Advisiors,Consultant
Sunrise Management Consultants,Consultant
AVTAR Career Creators,Consultant
Novitiate,Consultant
Destar Consulting Private Limited,Consultant
APOGEE LEADS,Consultant
Successwrks HR Solutions Pvt Ltd,Consultant
Executive Staffing Bureau,Consultant
HR Bells,Consultant
Nexus Consultants & Services,Consultant
Employee Referraldup,EGES
Axis Services,Consultant
ICICI BANK,ICICI Careers
IFBI/NU/CL,Industry Academia
HR Remedy India,Consultant
Monster,Job Portal
